personal_info_weight,0.4
0.4,0.93295
0.6,0.9269000000000001
