personal_info_weight,0.0,0.2
0.4,0.9832000000000001,0.8821
0.6,0.998,0.8532999999999997
