personal_info_weight,0.0,0.2
0.4,0.9827999999999999,0.8831000000000001
0.6,0.9973000000000001,0.8564999999999999
