personal_info_weight,0.4
0.4,0.93265
0.6,0.9256499999999999
