personal_info_weight,0.0,0.2
0.4,0.962,0.7866000000000001
0.6,0.9924000000000002,0.8093999999999999
