personal_info_weight,0.0,0.2
0.4,1.0,0.9919000000000002
0.6,1.0,0.9430999999999999
