personal_info_weight,0.0,0.2
0.4,1.0,0.9922999999999998
0.6,1.0,0.9446999999999999
