personal_info_weight,0.2
0.4,0.9961499999999999
0.6,0.9723499999999999
