personal_info_weight,0.2
0.4,0.9959500000000001
0.6,0.9715499999999999
