personal_info_weight,0.2
0.4,0.9866999999999999
0.6,0.9622000000000002
