personal_info_weight,0.0,0.2
0.4,0.9987999999999999,0.9746
0.6,0.9998000000000001,0.9246000000000001
