personal_info_weight,0.2
0.4,0.9865999999999999
0.6,0.9623999999999999
