personal_info_weight,0.2
0.4,0.9530000000000001
0.6,0.9317000000000002
