personal_info_weight,0.0,0.2
0.4,0.9935999999999998,0.9208000000000001
0.6,0.9953999999999998,0.8630000000000001
