personal_info_weight,0.0,0.2
0.4,0.9944000000000001,0.9116
0.6,0.9960000000000001,0.8674000000000002
