communication_noise,0.0,0.2
0.2,0.9952000000000001,0.8895000000000001
