communication_noise,0.0,0.2
0.2,0.9944999999999998,0.8919000000000001
