personal_info_weight,0.0,0.2
0.4,0.9936,0.9121999999999998
0.6,0.9968000000000001,0.8705999999999999
