personal_info_weight,0.0,0.2
0.4,0.9932000000000001,0.9078999999999999
0.6,0.9965000000000002,0.8673
