communication_noise,0.0,0.2
0.2,0.9952000000000001,0.8913999999999999
