personal_info_weight,0.0,0.2
0.4,0.9994,0.9174000000000001
0.6,1.0,0.8356000000000001
