personal_info_weight,0.2
0.4,0.96665
0.6,0.9290499999999999
