personal_info_weight,0.0,0.2
0.4,0.9999,0.9334999999999999
0.6,1.0,0.8540999999999999
