personal_info_weight,0.2
0.4,0.9666999999999999
0.6,0.9270499999999999
