communication_noise,0.0,0.2
0.2,0.99975,0.8959499999999999
