communication_noise,0.0,0.2
0.2,0.99995,0.8937999999999999
