personal_info_weight,0.2
0.4,0.9670999999999998
0.6,0.9274000000000001
