personal_info_weight,0.2
0.4,0.9682999999999999
0.6,0.9313999999999999
