personal_info_weight,0.0,0.2
0.4,0.9997999999999999,0.9368000000000001
0.6,1.0,0.8627999999999998
