personal_info_weight,0.0,0.2
0.4,0.9994,0.9347999999999999
0.6,1.0,0.8548000000000002
