personal_info_weight,0.4
0.4,0.87385
0.6,0.8989499999999999
