personal_info_weight,0.0,0.2
0.4,0.9640000000000001,0.7912
0.6,0.9930999999999999,0.7911
