personal_info_weight,0.0,0.2
0.4,0.9624,0.7853000000000001
0.6,0.9940999999999999,0.8038000000000001
