communication_noise,0.0,0.2
0.4,0.97825,0.7945500000000001
