personal_info_weight,0.0,0.2
0.4,0.9827999999999999,0.8804000000000001
0.6,0.9987999999999999,0.8526000000000001
