personal_info_weight,0.0,0.2
0.4,0.9788,0.8872
0.6,0.9969999999999999,0.8548000000000002
