personal_info_weight,0.0,0.2
0.4,0.9018,0.7559999999999999
0.6,0.9479999999999998,0.7772
