personal_info_weight,0.0,0.2
0.4,0.8959999999999999,0.7372000000000001
0.6,0.946,0.7726000000000001
