communication_noise,0.0,0.2
0.4,0.9209999999999999,0.7549000000000001
