personal_info_weight,0.0,0.2
0.4,0.8943999999999999,0.7412
0.6,0.9457999999999999,0.7717
