personal_info_weight,0.0,0.2
0.4,0.8917000000000002,0.7447
0.6,0.9427999999999997,0.7783
