personal_info_weight,0.4
0.4,0.8177999999999999
0.6,0.8587499999999999
