communication_noise,0.0,0.2
0.4,0.9172499999999999,0.7615000000000001
