communication_noise,0.0,0.2
0.4,0.9200999999999999,0.7564500000000001
