personal_info_weight,0.2
0.4,0.9846999999999999
0.6,0.9690999999999999
