personal_info_weight,0.0,0.2
0.4,0.9987999999999999,0.9705999999999998
0.6,0.9999,0.9382999999999997
