personal_info_weight,0.0,0.2
0.4,0.9989000000000001,0.976
0.6,0.9997,0.9320999999999999
