communication_noise,0.0,0.2
0.2,0.9993000000000001,0.95405
