communication_noise,0.0,0.2
0.2,0.99935,0.9544499999999998
