personal_info_weight,0.0,0.2
0.4,1.0,0.9912000000000001
0.6,1.0,0.9448000000000001
