personal_info_weight,0.0,0.2
0.4,0.9992000000000001,0.9241999999999999
0.6,1.0,0.8383
