personal_info_weight,0.4
0.4,0.9621000000000001
0.6,0.91345
